driver_name,url_picture
Lewis Hamilton,http://upload.wikimedia.org/wikipedia/commons/thumb/1/18/Lewis_Hamilton_2016_Malaysia_2.jpg/220px-Lewis_Hamilton_2016_Malaysia_2.jpg
Nick Heidfeld,http://upload.wikimedia.org/wikipedia/commons/thumb/2/2c/Nick_Heidfeld_Goodwood_Festival_of_Speed_2019_%2848242681251%29.jpg/220px-Nick_Heidfeld_Goodwood_Festival_of_Speed_2019_%2848242681251%29.jpg
Nico Rosberg,http://upload.wikimedia.org/wikipedia/commons/thumb/3/31/Nico_Rosberg_2016.jpg/220px-Nico_Rosberg_2016.jpg
Fernando Alonso,http://upload.wikimedia.org/wikipedia/commons/thumb/2/2b/Alonso_2016.jpg/240px-Alonso_2016.jpg
Heikki Kovalainen,http://upload.wikimedia.org/wikipedia/commons/thumb/2/29/Effect_20190609_091716.jpg/220px-Effect_20190609_091716.jpg
Kazuki Nakajima,http://upload.wikimedia.org/wikipedia/commons/thumb/a/ad/Kazuki_Nakajima_2012_WEC_Fuji.jpg/220px-Kazuki_Nakajima_2012_WEC_Fuji.jpg
Sébastien Bourdais,http://upload.wikimedia.org/wikipedia/commons/thumb/4/40/Sebastien_Bourdais_in_2021_%2851221641988%29_%28cropped%29.jpg/220px-Sebastien_Bourdais_in_2021_%2851221641988%29_%28cropped%29.jpg
Kimi Räikkönen,http://upload.wikimedia.org/wikipedia/commons/thumb/f/ff/F12019_Schloss_Gabelhofen_%2822%29_%28cropped%29.jpg/220px-F12019_Schloss_Gabelhofen_%2822%29_%28cropped%29.jpg
Robert Kubica,http://upload.wikimedia.org/wikipedia/commons/thumb/9/90/2019_Formula_One_tests_Barcelona%2C_Kubica_%2832309897777%29.jpg/220px-2019_Formula_One_tests_Barcelona%2C_Kubica_%2832309897777%29.jpg
Timo Glock,http://upload.wikimedia.org/wikipedia/commons/thumb/3/3e/Timo_Glock_Canada_2011-Cropped.jpg/220px-Timo_Glock_Canada_2011-Cropped.jpg
Takuma Sato,http://upload.wikimedia.org/wikipedia/commons/thumb/d/d1/Takuma_Sato_%282021%29.jpg/220px-Takuma_Sato_%282021%29.jpg
Nelson Piquet Jr.,http://upload.wikimedia.org/wikipedia/commons/thumb/a/a4/Piquet_Jr._2015.jpg/220px-Piquet_Jr._2015.jpg
Felipe Massa,http://upload.wikimedia.org/wikipedia/commons/thumb/7/79/Felipe_Massa_Le_Mans_Classic_2018_%28cropped%29.jpg/220px-Felipe_Massa_Le_Mans_Classic_2018_%28cropped%29.jpg
Adrian Sutil,http://upload.wikimedia.org/wikipedia/commons/thumb/e/e4/Adrian_Sutil.jpg/220px-Adrian_Sutil.jpg
Mark Webber (racing driver),http://upload.wikimedia.org/wikipedia/commons/thumb/b/b2/Mark_Webber_2017_Malaysian_GP_podium.jpg/180px-Mark_Webber_2017_Malaysian_GP_podium.jpg
Jenson Button,http://upload.wikimedia.org/wikipedia/commons/thumb/0/06/Jenson_Button_Bahrain_2012_%28crop%29.jpg/220px-Jenson_Button_Bahrain_2012_%28crop%29.jpg
Anthony Davidson,http://upload.wikimedia.org/wikipedia/commons/thumb/7/7f/Anthony_Davidson_Goodwood_Festival_of_Speed_2019_%2848242774922%29.jpg/200px-Anthony_Davidson_Goodwood_Festival_of_Speed_2019_%2848242774922%29.jpg
Sebastian Vettel,http://upload.wikimedia.org/wikipedia/commons/thumb/4/44/Sebastian_Vettel_2015_Malaysia_podium_1.jpg/220px-Sebastian_Vettel_2015_Malaysia_podium_1.jpg
Ralf Schumacher,http://upload.wikimedia.org/wikipedia/commons/thumb/d/d1/Ralf_Schumacher%2C_2016.png/220px-Ralf_Schumacher%2C_2016.png
Vitantonio Liuzzi,http://upload.wikimedia.org/wikipedia/commons/thumb/0/01/Vitantonio_Liuzzi_2011_Malaysia.jpg/220px-Vitantonio_Liuzzi_2011_Malaysia.jpg
Scott Speed,http://upload.wikimedia.org/wikipedia/commons/thumb/f/f2/Scott_Speed.jpg/220px-Scott_Speed.jpg
Christijan Albers,http://upload.wikimedia.org/wikipedia/commons/thumb/0/04/Christijan_Albers_2006_%28cropped%29.JPG/220px-Christijan_Albers_2006_%28cropped%29.JPG
Markus Winkelhock,http://upload.wikimedia.org/wikipedia/commons/thumb/a/ab/Markus_winkelhock_brandshatch2014.JPG/200px-Markus_winkelhock_brandshatch2014.JPG
Sakon Yamamoto,http://upload.wikimedia.org/wikipedia/commons/thumb/9/98/Sakon_Yamamoto_2010_Motorsport_Japan.jpg/220px-Sakon_Yamamoto_2010_Motorsport_Japan.jpg
Juan Pablo Montoya,http://upload.wikimedia.org/wikipedia/commons/thumb/9/9a/Juan_Pablo_Montoya_at_2021_Indianapolis_500_%2851222252077%29_%28cropped%29.jpg/220px-Juan_Pablo_Montoya_at_2021_Indianapolis_500_%2851222252077%29_%28cropped%29.jpg
Christian Klien,http://upload.wikimedia.org/wikipedia/commons/thumb/7/7f/Christian_Klien_%2813994163352%29.jpg/220px-Christian_Klien_%2813994163352%29.jpg
Tiago Monteiro,http://upload.wikimedia.org/wikipedia/en/thumb/9/99/Question_book-new.svg/50px-Question_book-new.svg.png
Yuji Ide,http://upload.wikimedia.org/wikipedia/commons/thumb/9/90/Yuji_Ide_2010_Super_GT_Fuji_400km.jpg/220px-Yuji_Ide_2010_Super_GT_Fuji_400km.jpg
Franck Montagny,http://upload.wikimedia.org/wikipedia/commons/thumb/a/a9/Franck_Montagny_Le_Mans_drivers_parade_2011_crop.jpg/220px-Franck_Montagny_Le_Mans_drivers_parade_2011_crop.jpg
Robert Doornbos,http://upload.wikimedia.org/wikipedia/en/thumb/9/99/Question_book-new.svg/50px-Question_book-new.svg.png
Narain Karthikeyan,http://upload.wikimedia.org/wikipedia/commons/thumb/a/a6/Narain_Karthikeyan_2011_Malaysia2.jpg/220px-Narain_Karthikeyan_2011_Malaysia2.jpg
Patrick Friesacher,http://upload.wikimedia.org/wikipedia/commons/thumb/2/26/Patrick_Friesacher.jpg/220px-Patrick_Friesacher.jpg
Ricardo Zonta,http://upload.wikimedia.org/wikipedia/commons/thumb/9/97/Ricardo_Zonta_2007_Curitiba.jpg/220px-Ricardo_Zonta_2007_Curitiba.jpg
Antônio Pizzonia,http://upload.wikimedia.org/wikipedia/commons/thumb/d/d6/Fale_F1_Monza_2004_13.jpg/220px-Fale_F1_Monza_2004_13.jpg
Giorgio Pantano,http://upload.wikimedia.org/wikipedia/commons/thumb/7/7d/Giorgio_pantano_brandshatch2014.JPG/220px-Giorgio_pantano_brandshatch2014.JPG
Gianmaria Bruni,http://upload.wikimedia.org/wikipedia/commons/thumb/d/db/Gianmaria_Bruni_2012_WEC_Fuji.jpg/220px-Gianmaria_Bruni_2012_WEC_Fuji.jpg
Zsolt Baumgartner,http://upload.wikimedia.org/wikipedia/commons/thumb/5/51/Baumgartner_usgp_2004.jpg/220px-Baumgartner_usgp_2004.jpg
Justin Wilson (racing driver),http://upload.wikimedia.org/wikipedia/commons/thumb/2/2b/Justin_Wilson_2013.jpg/220px-Justin_Wilson_2013.jpg
Ralph Firman,http://upload.wikimedia.org/wikipedia/commons/thumb/8/82/Ralph_Firman_2008_Super_GT.jpg/220px-Ralph_Firman_2008_Super_GT.jpg
Nicolas Kiesa,http://upload.wikimedia.org/wikipedia/commons/thumb/6/62/Nicolas_kiesa_lemans2006.jpg/220px-Nicolas_kiesa_lemans2006.jpg
Luciano Burti,http://upload.wikimedia.org/wikipedia/commons/thumb/8/86/Luciano_Burti_2006_Curitiba.jpg/220px-Luciano_Burti_2006_Curitiba.jpg
Tarso Marques,http://upload.wikimedia.org/wikipedia/commons/thumb/c/cc/Tarso_Marques_2007_Curitiba.jpg/220px-Tarso_Marques_2007_Curitiba.jpg
Enrique Bernoldi,http://upload.wikimedia.org/wikipedia/commons/thumb/f/f7/Enrique_Bernoldi_2007_Curitiba.jpg/220px-Enrique_Bernoldi_2007_Curitiba.jpg
Gastón Mazzacane,http://upload.wikimedia.org/wikipedia/commons/thumb/8/80/Mazzacane_en_Minardi_F1_2000.jpg/250px-Mazzacane_en_Minardi_F1_2000.jpg
Tomáš Enge,http://upload.wikimedia.org/wikipedia/commons/thumb/6/6b/Tomas_Enge_2007.jpg/220px-Tomas_Enge_2007.jpg
Alex Yoong,http://upload.wikimedia.org/wikipedia/commons/thumb/9/9f/AlexYoong_0028.jpg/220px-AlexYoong_0028.jpg
Sébastien Buemi,http://upload.wikimedia.org/wikipedia/commons/thumb/b/b8/S%C3%A9bastien_Buemi_Formula_E_%28cropped%29.jpg/220px-S%C3%A9bastien_Buemi_Formula_E_%28cropped%29.jpg
Stéphane Sarrazin,http://upload.wikimedia.org/wikipedia/commons/thumb/1/18/Stephane_Sarrazin_2007_Mil_Milhas_Brasil.jpg/220px-Stephane_Sarrazin_2007_Mil_Milhas_Brasil.jpg
Esteban Tuero,http://upload.wikimedia.org/wikipedia/commons/thumb/b/b6/Esteban_Tuero_2017_%28cropped%29.jpg/220px-Esteban_Tuero_2017_%28cropped%29.jpg
Norberto Fontana,http://upload.wikimedia.org/wikipedia/commons/thumb/d/d4/Norberto_Fontana_Rally_Dakar_2011.png/220px-Norberto_Fontana_Rally_Dakar_2011.png
Jaime Alguersuari,http://upload.wikimedia.org/wikipedia/commons/thumb/8/84/Jaime_Alguersuari_Canada_2010_cropped.jpg/150px-Jaime_Alguersuari_Canada_2010_cropped.jpg
Romain Grosjean,http://upload.wikimedia.org/wikipedia/commons/thumb/5/5a/Romain_Grosjean_%282021%29.jpg/220px-Romain_Grosjean_%282021%29.jpg
Kamui Kobayashi,http://upload.wikimedia.org/wikipedia/en/thumb/9/99/Question_book-new.svg/50px-Question_book-new.svg.png
Pierre Gasly,http://upload.wikimedia.org/wikipedia/commons/thumb/3/3e/Pierre_Gasly_2017_Malaysia.jpg/220px-Pierre_Gasly_2017_Malaysia.jpg
Nico Hülkenberg,http://upload.wikimedia.org/wikipedia/commons/thumb/c/cd/Nico_Hulkenberg_2016_Malaysia.jpg/220px-Nico_Hulkenberg_2016_Malaysia.jpg
Vitaly Petrov,http://upload.wikimedia.org/wikipedia/commons/thumb/3/31/Vitaly_Petrov_in_Goodwood.jpg/220px-Vitaly_Petrov_in_Goodwood.jpg
Lucas di Grassi,http://upload.wikimedia.org/wikipedia/commons/thumb/0/01/TechCrunch_Disrupt_Berlin_2018_%28Day_1%29_08_%28cropped%29.jpg/220px-TechCrunch_Disrupt_Berlin_2018_%28Day_1%29_08_%28cropped%29.jpg
Bruno Senna,http://upload.wikimedia.org/wikipedia/commons/thumb/3/32/Bruno_Senna_canada_2011.jpg/220px-Bruno_Senna_canada_2011.jpg
Karun Chandhok,http://upload.wikimedia.org/wikipedia/commons/thumb/3/32/Karun_Chandhok_Goodwood_Festival_of_Speed_2019_%2848242680701%29.jpg/220px-Karun_Chandhok_Goodwood_Festival_of_Speed_2019_%2848242680701%29.jpg
Pastor Maldonado,http://upload.wikimedia.org/wikipedia/commons/thumb/0/00/Pastor_Maldonado_2015_Malaysia.jpg/220px-Pastor_Maldonado_2015_Malaysia.jpg
Paul di Resta,http://upload.wikimedia.org/wikipedia/commons/thumb/d/df/2014_DTM_HockenheimringII_Paul_di_Resta_by_2eight_8SC5384.jpg/220px-2014_DTM_HockenheimringII_Paul_di_Resta_by_2eight_8SC5384.jpg
Sergio Pérez,http://upload.wikimedia.org/wikipedia/commons/thumb/7/7a/Sergio_P%C3%A9rez_2019_%28cropped%29.jpg/220px-Sergio_P%C3%A9rez_2019_%28cropped%29.jpg
Jérôme d'Ambrosio,http://upload.wikimedia.org/wikipedia/commons/thumb/4/4d/Jerome_D%27Ambrosio_%28cropped%29.jpg/220px-Jerome_D%27Ambrosio_%28cropped%29.jpg
Daniel Ricciardo,http://upload.wikimedia.org/wikipedia/commons/thumb/9/96/F12019_Schloss_Gabelhofen_%2818%29.jpg/220px-F12019_Schloss_Gabelhofen_%2818%29.jpg
Jean,http://upload.wikimedia.org/wikipedia/commons/thumb/b/b6/Jean-%C3%89ric_Vergne_at_2018_Berlin_ePrix_podium.jpg/220px-Jean-%C3%89ric_Vergne_at_2018_Berlin_ePrix_podium.jpg
Charles Pic,http://upload.wikimedia.org/wikipedia/commons/thumb/e/ef/Charles_Pic_Moscow_2013.jpg/220px-Charles_Pic_Moscow_2013.jpg
Max Chilton,http://upload.wikimedia.org/wikipedia/commons/thumb/f/f8/Max_Chilton_2.jpg/220px-Max_Chilton_2.jpg
Esteban Gutiérrez,http://upload.wikimedia.org/wikipedia/commons/thumb/d/df/Esteban_Guti%C3%A9rrez_en_el_Gran_Premio_de_Italia_2019_%28cropped%29.jpg/220px-Esteban_Guti%C3%A9rrez_en_el_Gran_Premio_de_Italia_2019_%28cropped%29.jpg
Valtteri Bottas,http://upload.wikimedia.org/wikipedia/commons/thumb/3/36/F12019_Schloss_Gabelhofen_%2820%29_%28cropped%29.jpg/220px-F12019_Schloss_Gabelhofen_%2820%29_%28cropped%29.jpg
Giedo van der Garde,http://upload.wikimedia.org/wikipedia/commons/thumb/b/b7/Giedo_van_der_Garde.jpg/220px-Giedo_van_der_Garde.jpg
Jules Bianchi,http://upload.wikimedia.org/wikipedia/commons/thumb/0/03/Jules_Bianchi_2012-1.JPG/220px-Jules_Bianchi_2012-1.JPG
Kevin Magnussen,http://upload.wikimedia.org/wikipedia/commons/thumb/6/63/Kevin_Magnussen%2C_2019_Formula_One_Tests_Barcelona_%28cropped%29.jpg/220px-Kevin_Magnussen%2C_2019_Formula_One_Tests_Barcelona_%28cropped%29.jpg
Daniil Kvyat,http://upload.wikimedia.org/wikipedia/commons/thumb/4/44/Daniil_Kvyat_USA_2017.jpg/240px-Daniil_Kvyat_USA_2017.jpg
André Lotterer,http://upload.wikimedia.org/wikipedia/commons/thumb/5/57/2022_Mexico_City_ePrix_podium_-_Lotterer.jpg/220px-2022_Mexico_City_ePrix_podium_-_Lotterer.jpg
Marcus Ericsson,http://upload.wikimedia.org/wikipedia/commons/thumb/b/bc/Marcus_Ericsson_%282021%29.jpg/220px-Marcus_Ericsson_%282021%29.jpg
Will Stevens,http://upload.wikimedia.org/wikipedia/commons/thumb/c/c5/Will_Stevens_2017.jpg/300px-Will_Stevens_2017.jpg
Max Verstappen,http://upload.wikimedia.org/wikipedia/commons/thumb/7/75/Max_Verstappen_2017_Malaysia_3.jpg/220px-Max_Verstappen_2017_Malaysia_3.jpg
Felipe Nasr,http://upload.wikimedia.org/wikipedia/commons/thumb/c/c8/Piloto_Felipe_Nasr_fala_%C3%A0_imprensa_ap%C3%B3s_encontro_com_Temer_%2828412246304%29_%28cropped%29.jpg/220px-Piloto_Felipe_Nasr_fala_%C3%A0_imprensa_ap%C3%B3s_encontro_com_Temer_%2828412246304%29_%28cropped%29.jpg
Carlos Sainz Jr.,http://upload.wikimedia.org/wikipedia/commons/thumb/0/05/Formel12021-SchlossGabelhofen%2815%29_%28cropped%29.jpg/250px-Formel12021-SchlossGabelhofen%2815%29_%28cropped%29.jpg
Roberto Merhi,http://upload.wikimedia.org/wikipedia/commons/thumb/d/d6/Roberto_Merhi_2015_Malaysia.jpg/240px-Roberto_Merhi_2015_Malaysia.jpg
Alexander Rossi,http://upload.wikimedia.org/wikipedia/commons/thumb/4/45/Andretti_Autosport_Visit_180405-F-KS667-0012_%28cropped%29.jpg/220px-Andretti_Autosport_Visit_180405-F-KS667-0012_%28cropped%29.jpg
Jolyon Palmer,http://upload.wikimedia.org/wikipedia/commons/thumb/6/6c/Jolyon_Palmer_2016_Malaysia.jpg/220px-Jolyon_Palmer_2016_Malaysia.jpg
Pascal Wehrlein,http://upload.wikimedia.org/wikipedia/commons/thumb/0/0d/2022_Mexico_City_ePrix_podium_-_Wehrlein.jpg/220px-2022_Mexico_City_ePrix_podium_-_Wehrlein.jpg
Rio Haryanto,http://upload.wikimedia.org/wikipedia/commons/thumb/b/be/Rio_Haryanto_Jakarta_2011.jpg/220px-Rio_Haryanto_Jakarta_2011.jpg
Stoffel Vandoorne,http://upload.wikimedia.org/wikipedia/commons/thumb/b/bc/Stoffel_Vandoorne_IAA_2019.jpg/180px-Stoffel_Vandoorne_IAA_2019.jpg
Esteban Ocon,http://upload.wikimedia.org/wikipedia/commons/thumb/7/79/Esteban_Ocon_2017_Malaysia_1.jpg/220px-Esteban_Ocon_2017_Malaysia_1.jpg
Lance Stroll,http://upload.wikimedia.org/wikipedia/commons/thumb/4/49/Lance_Stroll_2017_Malaysia_2.jpg/180px-Lance_Stroll_2017_Malaysia_2.jpg
Antonio Giovinazzi,http://upload.wikimedia.org/wikipedia/commons/thumb/a/a9/2019_Formula_One_tests_Barcelona%2C_Giovinazzi_%2847200025952%29.jpg/220px-2019_Formula_One_tests_Barcelona%2C_Giovinazzi_%2847200025952%29.jpg
Brendon Hartley,http://upload.wikimedia.org/wikipedia/commons/thumb/0/09/Brendon_Hartley_Wiki.jpg/220px-Brendon_Hartley_Wiki.jpg
Charles Leclerc,http://upload.wikimedia.org/wikipedia/commons/thumb/0/08/Charles-Leclerc.jpg/220px-Charles-Leclerc.jpg
Sergey Sirotkin,http://upload.wikimedia.org/wikipedia/commons/thumb/f/fa/Sergey_Sirotkin_Moscow.jpg/220px-Sergey_Sirotkin_Moscow.jpg
Lando Norris,http://upload.wikimedia.org/wikipedia/commons/thumb/d/d5/Lando_Norris_Formula_1_Driver_%2849379469418%29_%28cropped%29_%28cropped%29.jpg/220px-Lando_Norris_Formula_1_Driver_%2849379469418%29_%28cropped%29_%28cropped%29.jpg
George Russell (racing driver),http://upload.wikimedia.org/wikipedia/commons/thumb/7/71/George_Russell%2C_Silverstone_2021_%2851350033659%29_%28cropped%29.jpg/235px-George_Russell%2C_Silverstone_2021_%2851350033659%29_%28cropped%29.jpg
Alex Albon,http://upload.wikimedia.org/wikipedia/commons/thumb/1/1f/Alex_albon_%2851383514844%29_%28cropped%29.jpg/210px-Alex_albon_%2851383514844%29_%28cropped%29.jpg
Nicholas Latifi,http://upload.wikimedia.org/wikipedia/commons/thumb/3/3d/Nicholas_Latifi_-_2021_British_Grand_Prix_%2851349494718%29.jpg/220px-Nicholas_Latifi_-_2021_British_Grand_Prix_%2851349494718%29.jpg
Pietro Fittipaldi,http://upload.wikimedia.org/wikipedia/commons/thumb/c/c5/Pietro_and_Enzo_Fittipaldi_%28cropped%29_%281%29.jpg/180px-Pietro_and_Enzo_Fittipaldi_%28cropped%29_%281%29.jpg
Jack Aitken,http://upload.wikimedia.org/wikipedia/commons/thumb/6/63/Jack-aitken---tt-assen_43226091815_o_%28cropped%29.jpg/250px-Jack-aitken---tt-assen_43226091815_o_%28cropped%29.jpg
Yuki Tsunoda,http://upload.wikimedia.org/wikipedia/commons/thumb/e/eb/2021_US_GP%2C_Tsunoda.jpg/220px-2021_US_GP%2C_Tsunoda.jpg
Nikita Mazepin,http://upload.wikimedia.org/wikipedia/commons/thumb/e/e8/%D0%9D%D0%B8%D0%BA%D0%B8%D1%82%D0%B0_%D0%9C%D0%B0%D0%B7%D0%B5%D0%BF%D0%B8%D0%BD_-_%D0%B8%D0%BD%D1%82%D0%B5%D1%80%D0%B2%D1%8C%D1%8E_-_2019%2C_02.jpg/200px-%D0%9D%D0%B8%D0%BA%D0%B8%D1%82%D0%B0_%D0%9C%D0%B0%D0%B7%D0%B5%D0%BF%D0%B8%D0%BD_-_%D0%B8%D0%BD%D1%82%D0%B5%D1%80%D0%B2%D1%8C%D1%8E_-_2019%2C_02.jpg
Mick Schumacher,http://upload.wikimedia.org/wikipedia/commons/thumb/e/eb/Mick_Schumacher_-_2019202181015_2019-07-21_Champions_for_Charity_-_1500_-_B70I1535.jpg/220px-Mick_Schumacher_-_2019202181015_2019-07-21_Champions_for_Charity_-_1500_-_B70I1535.jpg
Zhou Guanyu,http://upload.wikimedia.org/wikipedia/commons/thumb/1/1c/ZhouGuanyu-Shy.jpg/250px-ZhouGuanyu-Shy.jpg
